DATE;NIKKEI 225 - PRICE;NIKKEI 225 - 3-WEEK MOVING AVERAGE;NIKKEI 225 - 30-WEEK MOVING AVERAGE;NIKKEI 225 - 3-WEEK AVERAGE DERIVATIVE;NIKKEI 225 - 30-WEEK AVERAGE DERIVATIVE;3 - 30 DERIVATIVE DIFF;
01.01.1990;38915,87;;;;;;
08.01.1990;38294,96;;;;;;
15.01.1990;37516,77;38242,53;;;;;
22.01.1990;37257,01;37689,58;;;;;
29.01.1990;37173,7;37315,83;;;;;
05.02.1990;37631,41;37354,04;;;;;
12.02.1990;37288,14;37364,42;;;;;
19.02.1990;37222,6;37380,72;;;;;
26.02.1990;33321,87;35944,20;;;;;
05.03.1990;33845,2;34796,56;;;;;
12.03.1990;33368,23;33511,77;;;;;
19.03.1990;31263,24;32825,56;;;;;
26.03.1990;31840,49;32157,32;;;;;
02.04.1990;28002,07;30368,60;;;;;
09.04.1990;30397,93;30080,16;;;;;
16.04.1990;28463,18;28954,39;;;;;
23.04.1990;29679,07;29513,39;;;;;
30.04.1990;29584,8;29242,35;;;;;
07.05.1990;30956,27;30073,38;;;;;
14.05.1990;32042,65;30861,24;;;;;
21.05.1990;31765,05;31587,99;;;;;
28.05.1990;33191,61;32333,10;;;;;
04.06.1990;32925,37;32627,34;;;;;
11.06.1990;32540,18;32885,72;;;;;
18.06.1990;32376,8;32614,12;;;;;
25.06.1990;31124,19;32013,72;;;;;
02.07.1990;32160,23;31887,07;;;;;
09.07.1990;32538,28;31940,90;;;;;
16.07.1990;33021,73;32573,41;;;;;
23.07.1990;31894,79;32484,93;33253,46;;;;
30.07.1990;30442,95;31786,49;32971,03;;;;
06.08.1990;28599,53;30312,42;32647,84;-1861,878333;-343,5561667;-1518,322167;ПРОД
13.08.1990;26176,43;28406,30;32269,83;-2122,146667;-405,4265;-1716,720167;ПРОД
20.08.1990;26490,47;27088,81;31910,95;-1023,18;-349,3213333;-673,8586667;ПРОД
27.08.1990;25141,76;25936,22;31509,88;-1070,138333;-422,1546667;-647,9836667;ПРОД
03.09.1990;25420,43;25684,22;31102,85;198,295;-410,0166667;608,3116667;КУП
10.09.1990;25080,9;25214,36;30695,94;-578,785;-406,8456667;-171,9393333;ПРОД
17.09.1990;24365,6;24955,64;30267,38;-153,1516667;-439,396;286,2443333;КУП
24.09.1990;23777,83;24408,11;29949,24;-691,94;-262,9186667;-429,0213333;ПРОД
01.10.1990;20221,86;22788,43;29495,13;-2155,753333;-522,0996667;-1633,653667;ПРОД
08.10.1990;23630;22543,23;29170,52;442,04;-259,8558333;701,8958333;КУП
15.10.1990;23109,2;22320,35;28898,72;-211,715;-245,3981667;33,68316667;КУП
22.10.1990;25070,86;23936,69;28673,07;2535,938333;-202,5808333;2738,519167;КУП
29.10.1990;25329,31;24503,12;28583,98;41,48833333;-20,81083333;62,29916667;КУП
05.11.1990;24385,33;24928,50;28383,56;354,8466667;-256,084;610,9306667;КУП
12.11.1990;22931,8;24215,48;28199,18;-1282,218333;-176,359;-1105,859333;ПРОД
19.11.1990;23518,16;23611,76;27993,81;-549,065;-215,8558333;-333,2091667;ПРОД
26.11.1990;23762,86;23404,27;27799,75;-9,376666667;-188,4151667;179,0385;КУП
03.12.1990;22725,99;23335,67;27525,41;0,84;-314,4816667;315,3216667;КУП
10.12.1990;23784,67;23424,51;27250,14;167,5566667;-275,7276667;443,2843333;КУП
17.12.1990;24087,91;23532,86;26994,23;118,1066667;-246,224;364,3306667;КУП
24.12.1990;24119,6;23997,39;26691,83;642,63;-325,6481667;968,2781667;КУП
31.12.1990;23848,71;24018,74;26389,28;-200,2483333;-302,6328333;102,3845;КУП
07.01.1991;23736,57;23901,63;26095,83;-186,3433333;-288,9028333;102,5595;КУП
14.01.1991;23213,23;23599,50;25790,37;-394,6283333;-311,4516667;-83,17666667;ПРОД
21.01.1991;23352,19;23434,00;25531,31;-97,19833333;-235,8738333;138,6755;КУП
28.01.1991;23569,44;23378,29;25244,95;-0,811666667;-300,0061667;299,1945;КУП
04.02.1991;23287,36;23403,00;24936,58;64,92;-319,3661667;384,2861667;КУП
11.02.1991;24296,08;23717,63;24645,73;459,59;-282,1005;741,6905;КУП
18.02.1991;26230,01;24604,48;24456,90;1172,97;-137,8115;1310,7815;КУП
25.02.1991;26462,76;25662,95;24324,23;1144,271667;-104,5965;1248,868167;КУП
04.03.1991;25976,02;26222,93;24236,78;310,7366667;-64,839;375,5756667;КУП
11.03.1991;26669,37;26369,38;24253,21;-60,31;68,37216667;-128,6821667;ПРОД
18.03.1991;27146,91;26597,43;24275,09;268,8483333;24,60633333;244,242;КУП
25.03.1991;26645,79;26820,69;24325,23;220,86;64,26083333;156,5991667;КУП
01.04.1991;26007,4;26600,03;24344,79;-442,6133333;4,281333333;-446,8946667;ПРОД
08.04.1991;26607,65;26420,28;24395,68;-159,3016667;66,55466667;-225,8563333;ПРОД
15.04.1991;26695,53;26436,86;24473,35;114,7466667;91,05066667;23,696;КУП
22.04.1991;26237,01;26513,40;24555,32;106,515;84,12683333;22,38816667;КУП
29.04.1991;26123,68;26352,07;24752,05;-280,2533333;254,1046667;-534,358;ПРОД
06.05.1991;26477,86;26279,52;24846,98;-28,17333333;44,02933333;-72,20266667;ПРОД
13.05.1991;26093,2;26231,58;24946,44;-35,62666667;101,7356667;-137,3623333;ПРОД
20.05.1991;25523,03;26031,36;24961,51;-276,3566667;-27,12483333;-249,2318333;ПРОД
27.05.1991;25425,88;25680,70;24964,73;-425,8816667;-2,707666667;-423,174;ПРОД
03.06.1991;25912,61;25620,51;25015,64;85,035;74,7545;10,2805;КУП
10.06.1991;24598,38;25312,29;25071,20;-432,2266667;57,87433333;-490,101;ПРОД
17.06.1991;24943,09;25151,36;25118,69;-87,28666667;43,47016667;-130,7568333;ПРОД
24.06.1991;23765,46;24435,64;25118,78;-993,11;-23,61883333;-969,4911667;ПРОД
01.07.1991;24108,76;24272,44;25164,87;113,0483333;69,09516667;43,95316667;КУП
08.07.1991;22176,17;23350,13;25111,26;-1301,856667;-103,4711667;-1198,3855;ПРОД
15.07.1991;23459,04;23247,99;25090,29;307,9433333;-4,635166667;312,5785;КУП
22.07.1991;22705,29;22780,17;25043,15;-650,665;-60,23433333;-590,4306667;ПРОД
29.07.1991;23443,58;23202,64;25029,65;867,6166667;3,315333333;864,3013333;КУП
05.08.1991;23833,25;23327,37;25032,87;-24,13;11,58616667;-35,71616667;ПРОД
12.08.1991;22985,67;23420,83;25025,28;77,82166667;-12,98933333;90,811;КУП
19.08.1991;21456,76;22758,56;24962,10;-1040,14;-90,97883333;-949,1611667;ПРОД
26.08.1991;21592,27;22011,57;24896,20;-789,3533333;-67,268;-722,0853333;ПРОД
02.09.1991;22469,01;21839,35;24868,92;115,1666667;-7,964666667;123,1313333;КУП
09.09.1991;22573,98;22211,75;24811,51;644,72;-72,46583333;717,1858333;КУП
16.09.1991;23134,43;22725,81;24708,33;584,8766667;-126,0773333;710,954;КУП
23.09.1991;23192,74;22967,05;24599,33;104,8383333;-111,908;216,7463333;КУП
30.09.1991;23916,44;23414,54;24530,67;550,6083333;-48,47866667;599,087;КУП
07.10.1991;24330,83;23813,34;24452,72;374,4566667;-82,60066667;457,0573333;КУП
14.10.1991;23860,67;24035,98;24343,18;134,565;-125,3363333;259,9013333;КУП
21.10.1991;25016,81;24402,77;24288,88;438,8633333;-26,67833333;465,5416667;КУП
28.10.1991;24901,72;24593,07;24252,03;102,05;-28,13433333;130,1843333;КУП
04.11.1991;25044,24;24987,59;24199,91;496,6366667;-59,7425;556,3791667;КУП
11.11.1991;24232,99;24726,32;24117,83;-589,1716667;-97,07016667;-492,1015;ПРОД
18.11.1991;23400,12;24225,78;24023,27;-620,1633333;-100,8021667;-519,3611667;ПРОД
25.11.1991;22868,69;23500,60;23914,77;-837,5083333;-115,468;-722,0403333;ПРОД
02.12.1991;21992,29;22753,70;23765,25;-757,7583333;-170,0286667;-587,7296667;ПРОД
09.12.1991;22352,88;22404,62;23640,57;-150,17;-112,2565;-37,9135;ПРОД
16.12.1991;22836,67;22393,95;23551,02;158,53;-71,97933333;230,5093333;КУП
23.12.1991;21777,12;22322,22;23429,40;-102,2483333;-137,6653333;35,417;КУП
30.12.1991;22983,77;22532,52;23331,77;351,3066667;-85,62933333;436,936;КУП
06.01.1992;23801,18;22854,02;23305,20;377,1066667;8,954;368,1526667;КУП
13.01.1992;21696,86;22827,27;23196,99;-200,8816667;-149,0248333;-51,85683333;ПРОД
20.01.1992;20913,82;22137,29;23101,94;-1021,598333;-88,47816667;-933,1201667;ПРОД
27.01.1992;21007,11;21205,93;22998,55;-1052,043333;-107,5551667;-944,4881667;ПРОД
03.02.1992;22139,59;21353,51;22997,33;687,0433333;49,86516667;637,1781667;КУП
10.02.1992;21819,52;21655,41;22942,68;379,0616667;-81,36633333;460,428;КУП
17.02.1992;21324,98;21761,36;22896,67;7,985;-41,69016667;49,67516667;КУП
24.02.1992;20973,24;21372,58;22814,32;-636,1533333;-100,5118333;-535,6415;ПРОД
02.03.1992;21487,82;21262,01;22736,14;28,54166667;-76,09916667;104,6408333;КУП
09.03.1992;20797,68;21086,25;22663,21;-208,3666667;-70,309;-138,0576667;ПРОД
16.03.1992;19837,16;20707,55;22609,22;-480,1566667;-44,5135;-435,6431667;ПРОД
23.03.1992;20239,6;20291,48;22564,13;-434,7633333;-40,64016667;-394,1231667;ПРОД
30.03.1992;19669,31;19915,36;22470,81;-356,1483333;-117,4405;-238,7078333;ПРОД
06.04.1992;18436,37;19448,43;22332,89;-512,3333333;-160,2188333;-352,1145;ПРОД
13.04.1992;17236,65;18447,44;22136,30;-1268,01;-225,9288333;-1042,081167;ПРОД
20.04.1992;17071,36;17581,46;21932,25;-798,4833333;-207,7726667;-590,7106667;ПРОД
27.04.1992;17450,52;17252,84;21716,72;-59,93333333;-221,273;161,3396667;КУП
04.05.1992;17303,39;17275,09;21482,47;197,6783333;-243,6066667;441,285;КУП
11.05.1992;18608,09;17787,33;21307,39;757,2416667;-145,505;902,7466667;КУП
18.05.1992;18443,1;18118,19;21088,26;240,1683333;-241,1425;481,3108333;КУП
25.05.1992;18555;18535,40;20876,70;460,375;-207,7741667;668,1491667;КУП
01.06.1992;18004,11;18334,07;20642,03;-510,5916667;-246,2278333;-264,3638333;ПРОД
08.06.1992;17655,06;18071,39;20422,77;-293,3566667;-211,561;-81,79566667;ПРОД
15.06.1992;16953,23;17537,47;20207,87;-669,545;-212,7123333;-456,8326667;ПРОД
22.06.1992;15921,22;16843,17;19976,29;-774,4833333;-239,9253333;-534,558;ПРОД
29.06.1992;15741,27;16205,24;19767,92;-609,7466667;-196,7598333;-412,9868333;ПРОД
06.07.1992;16657,07;16106,52;19578,06;170,885;-180,6068333;351,4918333;КУП
13.07.1992;17201,73;16533,36;19390,23;689,615;-186,8168333;876,4318333;КУП
20.07.1992;15884,48;16581,09;19193,81;-141,8133333;-200,7163333;58,903;КУП
27.07.1992;15373,34;16153,18;18940,13;-665,7333333;-282,3108333;-383,4225;ПРОД
03.08.1992;15709,45;15655,76;18670,40;-532,185;-277,746;-254,439;ПРОД
10.08.1992;15066,34;15383,04;18449,39;-160,3566667;-196,6638333;36,30716667;КУП
17.08.1992;14929,55;15235,11;18249,91;-85,53833333;-188,7048333;103,1665;КУП
24.08.1992;16627,96;15541,28;18103,94;533,22;-119,2196667;652,4396667;КУП
31.08.1992;18061,12;16539,54;17967,99;1344,305;-130,9376667;1475,242667;КУП
07.09.1992;18440,18;17709,75;17855,35;1256,185;-100,9925;1357,1775;КУП
14.09.1992;18471,4;18324,23;17760,23;336,615;-86,35666667;422,9716667;КУП
21.09.1992;18066,24;18325,94;17663,33;-304,68;-97,79033333;-206,8896667;ПРОД
28.09.1992;17972,61;18170,08;17546,15;-234,6383333;-127,3105;-107,3278333;ПРОД
05.10.1992;17101,5;17713,45;17422,95;-607,0216667;-126,2221667;-480,7995;ПРОД
12.10.1992;17302,01;17458,71;17338,44;-153,7983333;-65,1545;-88,64383333;ПРОД
19.10.1992;16903,81;17102,44;17227,25;-407,0283333;-124,537;-282,4913333;ПРОД
26.10.1992;17011,33;17072,38;17138,65;133,0483333;-77,3025;210,3508333;КУП
02.11.1992;16853,36;16922,83;17085,88;-209,2966667;-34,85083333;-174,4458333;ПРОД
09.11.1992;16417,05;16760,58;17058,56;-168,605;-14,5965;-154,0085;ПРОД
16.11.1992;16162,99;16477,80;17028,28;-343,0433333;-31,7585;-311,2848333;ПРОД
23.11.1992;17033,6;16537,88;17014,39;231,51;-5,7065;237,2165;КУП
30.11.1992;17683,65;16960,08;17027,06;603,26;25,96166667;577,2983333;КУП
07.12.1992;17207,12;17308,12;16980,36;310,965;-76,38616667;387,3511667;КУП
14.12.1992;17289,97;17393,58;16941,93;-45,83666667;-34,307;-11,52966667;ПРОД
21.12.1992;17645,44;17380,84;16911,61;-61,83333333;-26,25916667;-35,57416667;ПРОД
28.12.1992;17188,62;17374,68;16884,42;-2,881666667;-25,61516667;22,7335;КУП
04.01.1993;16994,08;17276,05;16862,39;-144,8616667;-19,4575;-125,4041667;ПРОД
11.01.1993;16589,55;16924,08;16850,27;-478,63;-7,167666667;-471,4623333;ПРОД
18.01.1993;16617,24;16733,62;16873,47;-109,7083333;40,86233333;-150,5706667;ПРОД
25.01.1993;16287,45;16498,08;16891,67;-258,085;15,70866667;-273,7936667;ПРОД
01.02.1993;17133,64;16679,44;16907,56;389,8166667;14,7255;375,0911667;КУП
08.02.1993;17281,73;16900,94;16910,23;241,5633333;-3,942833333;245,5061667;КУП
15.02.1993;17117,99;17177,79;16951,34;304,5216667;60,34216667;244,1795;КУП
22.02.1993;16820,61;17073,44;16999,59;-294,9383333;51,805;-346,7433333;ПРОД
01.03.1993;16879,6;16939,40;17038,59;-148,8933333;34,38633333;-183,2796667;ПРОД
08.03.1993;17686,47;17128,89;17125,93;351,2616667;111,504;239,7576667;КУП
15.03.1993;18086,18;17550,75;17231,15;538,0383333;114,1626667;423,8756667;КУП
22.03.1993;18784,39;18185,68;17303,03;741,4666667;55,211;686,2556667;КУП
29.03.1993;19048,38;18639,65;17335,94;363,49;13,4225;350,0675;КУП
05.04.1993;19759,46;19197,41;17379,92;609,655;49,50966667;560,1453333;КУП
12.04.1993;19882,14;19563,33;17426,94;269,995;48,549;221,446;КУП
19.04.1993;20112,34;19917,98;17495,14;349,0216667;78,79266667;270,229;КУП
26.04.1993;19623,63;19872,70;17550,18;-245,2416667;48,44933333;-293,691;ПРОД
03.05.1993;20919,18;20218,38;17677,43;541,1583333;163,367;377,7913333;КУП
10.05.1993;21054,71;20532,51;17802,52;298,345;124,007;174,338;КУП
17.05.1993;20565,51;20846,47;17924,58;313,8783333;120,54;193,3383333;КУП
24.05.1993;20476,16;20698,79;18040,07;-378,49;112,2131667;-490,7031667;ПРОД
31.05.1993;20552,35;20531,34;18163,37;-177,3433333;127,2023333;-304,5456667;ПРОД
07.06.1993;20844,19;20624,23;18310,95;223,0666667;159,7071667;63,3595;КУП
14.06.1993;20397,35;20597,96;18452,09;-85,85166667;137,9323333;-223,784;ПРОД
21.06.1993;19212,43;20151,32;18524,72;-656,825;38,36883333;-695,1938333;ПРОД
28.06.1993;19886,76;19832,18;18598,16;-255,395;73,84166667;-329,2366667;ПРОД
05.07.1993;19623,06;19574,08;18678,69;-227,5733333;84,0785;-311,6518333;ПРОД
12.07.1993;19980;19829,94;18768,35;512,8333333;94,23583333;418,5975;КУП
19.07.1993;20150,92;19917,99;18851,87;4,151666667;80,44016667;-76,2885;ПРОД
26.07.1993;19822,08;19984,33;18939,65;55,48333333;89,915;-34,43166667;ПРОД
02.08.1993;20343,53;20105,51;19051,30;148,595;123,5815;25,0135;КУП
09.08.1993;20493,05;20219,55;19181,42;110,4766667;139,3508333;-28,87416667;ПРОД
16.08.1993;20901,49;20579,36;19324,23;482,6833333;149,1541667;333,5291667;КУП
23.08.1993;20414,14;20602,89;19461,78;-144,5966667;134,9303333;-279,527;ПРОД
30.08.1993;20912,69;20742,77;19587,75;198,0516667;120,1743333;77,87733333;КУП
06.09.1993;21060,81;20795,88;19713,72;9,72;125,9698333;-116,2498333;ПРОД
13.09.1993;21148,11;21040,54;19848,06;340,4316667;138,5213333;201,9103333;КУП
20.09.1993;20266,03;20824,98;19962,90;-445,6583333;105,1023333;-550,7606667;ПРОД
27.09.1993;20094,11;20502,75;20070,06;-375,5733333;103,3018333;-478,8751667;ПРОД
04.10.1993;20264,43;20208,19;20155,99;-280,7233333;75,32283333;-356,0461667;ПРОД
11.10.1993;20378,64;20245,73;20232,40;203,585;71,657;131,928;КУП
18.10.1993;20072,21;20238,43;20275,33;-29,71833333;26,18333333;-55,90166667;ПРОД
25.10.1993;20309,33;20253,39;20317,36;26,1;41,58383333;-15,48383333;ПРОД
01.11.1993;19438,24;19939,93;20306,65;-477,6833333;-37,07683333;-440,6065;ПРОД
08.11.1993;18625,16;19457,58;20264,75;-566,7916667;-57,49533333;-509,2963333;ПРОД
15.11.1993;18074,61;18712,67;20196,83;-876,185;-80,93683333;-795,2481667;ПРОД
22.11.1993;17384,84;18028,20;20122,20;-654,2466667;-77,97733333;-576,2693333;ПРОД
29.11.1993;16078,71;17179,39;19960,86;-930,9916667;-204,7103333;-726,2813333;ПРОД
06.12.1993;16840,38;16767,98;19820,38;-192,7066667;-130,042;-62,66466667;ПРОД
13.12.1993;17327,33;16748,81;19712,44;176,95;-91,67016667;268,6201667;КУП
20.12.1993;17404,24;17190,65;19610,04;672,35;-99,62633333;771,9763333;КУП
27.12.1993;16819,88;17183,82;19485,63;-231,1716667;-135,4248333;-95,74683333;ПРОД
03.01.1994;17417,24;17213,79;19371,39;48,37166667;-109,1396667;157,5113333;КУП
10.01.1994;18443,44;17560,19;19306,26;504,615;-40,57966667;545,1946667;КУП
17.01.1994;18725,37;18195,35;19290,03;779,545;8,212166667;771,3328333;КУП
24.01.1994;18353,24;18507,35;19238,91;150,4183333;-68,55833333;218,9766667;КУП
31.01.1994;20229,12;19102,58;19259,11;736,84;55,86166667;680,9783333;КУП
07.02.1994;20014,4;19532,25;19260,26;346,9016667;-8,381;355,2826667;КУП
14.02.1994;19459,25;19900,92;19237,20;338,1666667;-35,15683333;373,3235;КУП
21.02.1994;19393,94;19622,53;19222,93;-601,925;-9,879166667;-592,0458333;ПРОД
28.02.1994;19997,2;19616,80;19211,39;130,5966667;-10,18083333;140,7775;КУП
07.03.1994;19811,88;19734,34;19188,68;179,1816667;-28,28633333;207,468;КУП
14.03.1994;20526,15;20111,74;19176,17;507,3333333;-7,414166667;514,7475;КУП
21.03.1994;20469,45;20269,16;19178,01;47,42333333;9,021166667;38,40216667;КУП
28.03.1994;19941,79;20312,46;19145,65;-13,75333333;-49,46683333;35,7135;КУП
04.04.1994;19122,22;19844,49;19081,03;-723,6166667;-80,74783333;-642,8688333;ПРОД
11.04.1994;19898,08;19654,03;19039,36;-51,69666667;-30,19166667;-21,505;ПРОД
18.04.1994;20277,36;19765,89;19039,74;263,0133333;21,40033333;241,613;КУП
25.04.1994;19709,14;19961,53;19026,91;237,5316667;-19,43733333;256,969;КУП
02.05.1994;19570,21;19852,24;19003,77;-261,755;-28,29483333;-233,4601667;ПРОД
09.05.1994;19786,96;19688,77;18984,05;-190,555;-18,01366667;-172,5413333;ПРОД
16.05.1994;20188,44;19848,54;18987,92;321,3833333;15,67283333;305,7105;КУП
23.05.1994;20568,71;20181,37;18996,57;419,3666667;11,03183333;408,3348333;КУП
30.05.1994;20838,97;20532,04;19043,26;359,5883333;65,7135;293,8748333;КУП
06.06.1994;20726,65;20711,44;19113,31;93,77;81,729;12,041;КУП
13.06.1994;21552,81;21039,48;19229,25;402,3483333;138,8851667;263,4631667;КУП
20.06.1994;21152,03;21143,83;19354,82;-7,486666667;130,3895;-137,8761667;ПРОД
27.06.1994;20300,96;21001,93;19495,56;-265,0216667;148,326;-413,3476667;ПРОД
04.07.1994;20631,93;20694,97;19621,95;-389,4916667;119,2066667;-508,6983333;ПРОД
11.07.1994;20473,09;20468,66;19726,81;-185,99;94,0955;-280,0855;ПРОД
18.07.1994;20717,64;20607,55;19837,25;321,4966667;113,2406667;208,256;КУП
25.07.1994;20297,66;20496,13;19953,18;-236,5816667;118,6656667;-355,2473333;ПРОД
01.08.1994;20271,35;20428,88;20048,31;-45,15833333;84,7425;-129,9008333;ПРОД
08.08.1994;20635,83;20401,61;20121,39;-7,281666667;62,051;-69,33266667;ПРОД
15.08.1994;20626,33;20511,17;20184,76;177,97;58,50816667;119,4618333;КУП
22.08.1994;20394,58;20552,25;20252,80;6,836666667;70,38433333;-63,54766667;ПРОД
29.08.1994;20600,42;20540,44;20265,18;-38,24333333;-15,45733333;-22,786;ПРОД
05.09.1994;20409,18;20468,06;20278,34;-102,6733333;13,55066667;-116,224;ПРОД
12.09.1994;19917,28;20308,96;20293,61;-202,4583333;16,32183333;-218,7801667;ПРОД
19.09.1994;19554,11;19960,19;20298,95;-443,605;0,374666667;-443,9796667;ПРОД
26.09.1994;19814,36;19761,92;20292,85;-123,025;-11,8115;-111,2135;ПРОД
03.10.1994;19650,03;19672,83;20287,46;-34,48833333;-5,045166667;-29,44316667;ПРОД
10.10.1994;19744,75;19736,38;20261,41;139,8616667;-36,3725;176,2341667;КУП
17.10.1994;19958,29;19784,36;20244,37;40,19166667;-12,53466667;52,72633333;КУП
24.10.1994;19852,37;19851,80;20241,39;77,18166667;4,048333333;73,13333333;КУП
31.10.1994;19989,6;19933,42;20270,30;88,70166667;44,85933333;43,84233333;КУП
07.11.1994;19619,22;19820,40;20261,01;-210,3433333;-28,39933333;-181,944;ПРОД
14.11.1994;19261,45;19623,42;20227,15;-238,9483333;-46,14783333;-192,8005;ПРОД
21.11.1994;19121,72;19334,13;20207,56;-335,4533333;-12,43916667;-323,0141667;ПРОД
28.11.1994;18811,36;19064,84;20182,27;-259,2833333;-28,15216667;-231,1311667;ПРОД
05.12.1994;19305,66;19079,58;20166,23;156,7483333;-11,4175;168,1658333;КУП
12.12.1994;18975,1;19030,71;20125,78;-80,67833333;-52,64533333;-28,033;ПРОД
19.12.1994;19270,85;19183,87;20082,52;254,1816667;-44,67066667;298,8523333;КУП
26.12.1994;19726,75;19324,23;20045,45;133,9633333;-33,98;167,9433333;КУП
02.01.1995;19723,06;19573,55;20011,99;303,7983333;-31,6425;335,4408333;КУП
09.01.1995;19444,92;19631,58;19941,73;-37,625;-88,668;51,043;КУП
16.01.1995;19331,17;19499,72;19881,03;-226,8016667;-55,9115;-170,8901667;ПРОД
23.01.1995;17785,49;18853,86;19797,19;-902,855;-95,42583333;-807,4291667;ПРОД
30.01.1995;18752,88;18623,18;19734,55;-23,09166667;-52,028;28,93633333;КУП
06.02.1995;18667,23;18401,87;19674,35;-216,63;-58,9755;-157,6545;ПРОД
13.02.1995;18313,86;18577,99;19594,23;374,8416667;-90,09133333;464,933;КУП
20.02.1995;17956,48;18312,52;19516,19;-486,2616667;-76,996;-409,2656667;ПРОД
27.02.1995;16808,7;17693,01;19400,77;-796,5316667;-134,1128333;-662,4188333;ПРОД
06.03.1995;17040,72;17268,63;19280,93;-326,815;-122,0446667;-204,7703333;ПРОД
13.03.1995;16477,64;16775,69;19142,64;-527,23;-147,516;-379,714;ПРОД
20.03.1995;16129,96;16549,44;19000,49;-92,89666667;-144,0861667;51,1895;КУП
27.03.1995;16096,25;16234,62;18850,35;-359,1116667;-154,1315;-204,9801667;ПРОД
03.04.1995;15381,29;15869,17;18682,75;-390,7633333;-176,325;-214,4383333;ПРОД
10.04.1995;16163,09;15880,21;18557,61;199,29;-103,9113333;303,2013333;КУП
17.04.1995;16304,15;15949,51;18449,28;98,42833333;-99,92816667;198,3565;КУП
24.04.1995;16804,05;16423,76;18348,94;676,73;-96,3495;773,0795;КУП
01.05.1995;16811,46;16639,89;18254,32;87,05833333;-91,75666667;178,815;КУП
08.05.1995;17103,69;16906,40;18166,28;291,7083333;-84,7435;376,4518333;КУП
15.05.1995;16609,7;16841,62;18054,66;-230,4316667;-123,4118333;-107,0198333;ПРОД
22.05.1995;15789,12;16500,84;17919,22;-478,7783333;-147,3526667;-331,4256667;ПРОД
29.05.1995;15574,03;15990,95;17772,04;-594,44;-153,0576667;-441,3823333;ПРОД
05.06.1995;15897,32;15753,49;17647,97;-101,2466667;-112,5021667;11,2555;КУП
12.06.1995;14813,46;15428,27;17499,71;-369,1;-160,3678333;-208,7321667;ПРОД
19.06.1995;14700,06;15136,95;17352,32;-274,375;-146,9498333;-127,4251667;ПРОД
26.06.1995;15145,36;14886,29;17230,12;-230,3183333;-109,6056667;-120,7126667;ПРОД
03.07.1995;14485,41;14776,94;17069,44;-38,69833333;-179,9125;141,2141667;КУП
10.07.1995;16242,66;15291,14;16978,36;825,975;-56,2845;882,2595;КУП
17.07.1995;16842,47;15856,85;16897,41;591,455;-75,87833333;667,3333333;КУП
24.07.1995;16591,5;16558,88;16792,91;770,1933333;-116,2895;886,4828333;КУП
31.07.1995;16677,53;16703,83;16691,39;-133,58;-100,0223333;-33,55766667;ПРОД
07.08.1995;16615,46;16628,16;16597,07;-185,9833333;-90,71416667;-95,26916667;ПРОД
14.08.1995;16916,57;16736,52;16516,59;200,37;-73,57233333;273,9423333;КУП
21.08.1995;17871,05;17134,36;16519,44;542,5816667;44,52133333;498,0603333;КУП
28.08.1995;17847,29;17544,97;16489,25;416,995;-46,7055;463,7005;КУП
04.09.1995;17748,52;17822,29;16458,63;210,67;-30,84233333;241,5123333;КУП
11.09.1995;18486,11;18027,31;16464,37;168,8716667;23,92433333;144,9473333;КУП
18.09.1995;18319,16;18184,60;16476,46;133,425;15,26316667;118,1618333;КУП
25.09.1995;17566,43;18123,90;16501,72;-169,69;31,84183333;-201,5318333;ПРОД
02.10.1995;17739,84;17875,14;16525,02;-342,7866667;22,32716667;-365,1138333;ПРОД
09.10.1995;18176,27;17827,51;16581,64;52,93333333;73,2795;-20,34616667;ПРОД
16.10.1995;18016,44;17977,52;16644,52;248,82;66,0135;182,8065;КУП
23.10.1995;18156,24;18116,32;16713,19;133,1983333;71,55816667;61,64016667;КУП
30.10.1995;17509,17;17893,95;16784,12;-402,95;72,06083333;-475,0108333;ПРОД
06.11.1995;18036,97;17900,79;16846,58;121,4483333;58,22933333;63,219;КУП
13.11.1995;17789,46;17778,53;16896,09;-186,8116667;43,03416667;-229,8458333;ПРОД
20.11.1995;18383,82;18070,08;16948,75;498,455;54,23333333;444,2216667;КУП
27.11.1995;18543,14;18238,81;17006,48;107,31;60,2545;47,0555;КУП
04.12.1995;18897,37;18608,11;17066,26;469,5933333;60,82266667;408,7706667;КУП
11.12.1995;19226,78;18889,10;17153,50;236,8283333;100,9593333;135,869;КУП
18.12.1995;19311,08;19145,08;17270,90;243,4766667;132,48;110,9966667;КУП
25.12.1995;19775,41;19437,76;17410,95;311,03;151,3696667;159,6603333;КУП
01.01.1996;19868,15;19651,55;17543,31;174,345;128,5185;45,8265;КУП
08.01.1996;20563,58;20069,05;17734,98;519,355;221,3255;298,0295;КУП
15.01.1996;20287,42;20239,72;17921,22;47,255;183,5326667;-136,2776667;ПРОД
22.01.1996;20196,53;20349,18;18089,59;78,855;159,4358333;-80,58083333;ПРОД
29.01.1996;20589,2;20357,72;18293,05;-41,92;221,0033333;-262,9233333;ПРОД
05.02.1996;20653,38;20479,70;18440,08;178,71;118,8061667;59,90383333;КУП
12.02.1996;20934,82;20725,80;18576,49;308,1516667;131,1055;177,0461667;КУП
19.02.1996;20721,25;20769,82;18714,15;-57,02333333;138,2816667;-195,305;ПРОД
26.02.1996;20480,27;20712,11;18840,91;-108,5633333;121,3078333;-229,8711667;ПРОД
04.03.1996;20063,88;20421,80;18955,85;-406,6183333;109,042;-515,6603333;ПРОД
11.03.1996;19796,29;20113,48;19051,84;-317,3233333;86,51233333;-403,8356667;ПРОД
18.03.1996;20285,13;20048,43;19132,31;56,59;72,70866667;-16,11866667;ПРОД
25.03.1996;20915,44;20332,29;19234,59;458,3033333;113,1728333;345,1305;КУП
01.04.1996;21560,39;20920,32;19361,65;740,1233333;139,4576667;600,6656667;КУП
08.04.1996;21424,24;21300,02;19459,59;275,5383333;83,37533333;192,163;КУП
15.04.1996;21883,04;21622,56;19578,38;293,9483333;129,2251667;164,7231667;КУП
22.04.1996;22123,89;21810,39;19730,30;120,4833333;168,475;-47,99166667;ПРОД
29.04.1996;22235,03;22080,65;19880,14;311,4783333;148,8018333;162,6765;КУП
06.05.1996;21662,38;22007,10;19996,34;-245,4616667;99,38566667;-344,8473333;ПРОД
13.05.1996;21171,82;21689,74;20101,52;-439,2583333;99,66716667;-538,9255;ПРОД
20.05.1996;21979;21604,40;20228,94;30,66333333;138,5483333;-107,885;ПРОД
27.05.1996;21699,76;21616,86;20368,63;61,36166667;145,8168333;-84,45516667;ПРОД
03.06.1996;21588,52;21755,76;20487,02;202,12;107,7343333;94,38566667;КУП
10.06.1996;21719,15;21669,14;20618,01;-199,375;137,292;-336,667;ПРОД
17.06.1996;22245,38;21851,02;20746,72;316,1183333;127,5831667;188,5351667;КУП
24.06.1996;22603,2;22189,24;20882,06;416,4033333;138,6436667;277,7596667;КУП
01.07.1996;22455,49;22434,69;21000,66;199,0566667;110,2383333;88,81833333;КУП
08.07.1996;21924,94;22327,88;21090,60;-282,9433333;75,606;-358,5493333;ПРОД
15.07.1996;21753,42;22044,62;21172,01;-371,4833333;77,14766667;-448,631;ПРОД
22.07.1996;21005,63;21561,33;21213,02;-583,3;20,80533333;-604,1053333;ПРОД
29.07.1996;20967,54;21242,20;21249,67;-237,0566667;34,46583333;-271,5225;ПРОД
05.08.1996;21077,47;21016,88;21266,80;-178,4083333;7,371333333;-185,7796667;ПРОД
12.08.1996;20666,6;20903,87;21279,44;-56,85666667;10,39416667;-67,25083333;ПРОД
19.08.1996;21106,41;20950,16;21309,77;125,94;39,17433333;86,76566667;КУП
26.08.1996;20883,74;20885,58;21319,58;-120,01;-0,437666667;-119,5723333;ПРОД
02.09.1996;20107,11;20699,09;21301,37;-247,4566667;-32,2225;-215,2341667;ПРОД
09.09.1996;20202,27;20397,71;21276,96;-358,8216667;-27,523;-331,2986667;ПРОД
16.09.1996;20842,64;20384,01;21281,00;130,14;18,27866667;111,8613333;КУП
23.09.1996;21112,24;20719,05;21302,07;509,415;29,57533333;479,8396667;КУП
30.09.1996;21556,4;21170,43;21351,82;509,5433333;64,09316667;445,4501667;КУП
07.10.1996;21161,01;21276,55;21397,31;-66,50333333;43,36066667;-109,864;ПРОД
14.10.1996;21029,25;21248,89;21422,11;-94,55666667;14,46066667;-109,0173333;ПРОД
21.10.1996;21302,95;21164,40;21435,03;-112,8933333;6,9735;-119,8668333;ПРОД
28.10.1996;20885,41;21072,54;21412,53;-95,55833333;-40,2075;-55,35083333;ПРОД
04.11.1996;20633,06;20940,47;21386,16;-152,1616667;-28,30933333;-123,8523333;ПРОД
11.11.1996;21065,08;20861,18;21358,89;-52,90333333;-27,71166667;-25,19166667;ПРОД
18.11.1996;20796,37;20831,50;21314,64;-4,875;-52,74333333;47,86833333;КУП
25.11.1996;21293,57;21051,67;21283,26;345,095;-24,94766667;370,0426667;КУП
02.12.1996;20674,69;20921,54;21250,34;-305,28;-33,6935;-271,5865;ПРОД
09.12.1996;20603,71;20857,32;21231,40;-31,265;-11,944;-19,321;ПРОД
16.12.1996;20422,04;20566,81;21179,50;-403,655;-68,3795;-335,2755;ПРОД
23.12.1996;19690,46;20238,74;21112,53;-346,86;-74,51566667;-272,3443333;ПРОД
30.12.1996;19361,35;19824,62;21038,29;-457,1416667;-77,87016667;-379,2715;ПРОД
06.01.1997;19446;19499,27;20962,51;-280,96;-76,538;-204,422;ПРОД
13.01.1997;18118,79;18975,38;20824,96;-623,1616667;-168,4436667;-454,718;ПРОД
20.01.1997;17480,34;18348,38;20654,20;-678,56;-187,3665;-491,1935;ПРОД
27.01.1997;17334,9;17644,68;20483,51;-742,0483333;-170,6485;-571,3998333;ПРОД
03.02.1997;18085,95;17633,73;20355,55;335,43;-106,6063333;442,0363333;КУП
10.02.1997;18181,17;17867,34;20236,47;355,8883333;-114,6293333;470,5176667;КУП
17.02.1997;18750,65;18339,26;20161,31;591,07;-53,2115;644,2815;КУП
24.02.1997;18896,99;18609,60;20092,29;169,5616667;-65,9445;235,5061667;КУП
03.03.1997;18429,13;18692,26;20004,01;-11,19333333;-97,90783333;86,7145;КУП
10.03.1997;18113,89;18480,00;19918,92;-359,7066667;-83,4965;-276,2101667;ПРОД
17.03.1997;18053,5;18198,84;19817,16;-315,6183333;-110,1003333;-205,518;ПРОД
24.03.1997;18043,82;18070,40;19722,49;-52,07333333;-91,11416667;39,04083333;КУП
31.03.1997;18003,4;18033,57;19652,37;8,973333333;-57,8535;66,82683333;КУП
07.04.1997;17715,67;17920,96;19569,48;-150,5;-89,26816667;-61,23183333;ПРОД
14.04.1997;17692,47;17803,85;19464,48;-119,37;-116,0651667;-3,304833333;ПРОД
21.04.1997;18551,66;17986,60;19379,12;332,6883333;-75,52616667;408,2145;КУП
28.04.1997;18670,37;18304,83;19282,92;385,9733333;-101,6251667;487,5985;КУП
05.05.1997;19514,75;18912,26;19228,05;752,0233333;-34,2125;786,2358333;КУП
12.05.1997;20143,51;19442,88;19198,52;492,2116667;-16,84933333;509,061;КУП
19.05.1997;20489,75;20049,34;19171,42;644,3816667;-25,89766667;670,2793333;КУП
26.05.1997;20043,5;20225,59;19143,35;-38,855;-28,54216667;-10,31283333;ПРОД
02.06.1997;20451,85;20328,37;19137,31;66,045;4,971333333;61,07366667;КУП
09.06.1997;20223,82;20239,72;19109,27;-184,355;-39,04283333;-145,3121667;ПРОД
16.06.1997;20681,07;20452,25;19105,43;363,1066667;8,256;354,8506667;КУП
23.06.1997;20436,14;20447,01;19076,84;-114,1166667;-40,94983333;-73,16683333;ПРОД
30.06.1997;20604,96;20574,06;19074,52;193,1883333;10,804;182,3843333;КУП
07.07.1997;19705,17;20248,76;19044,57;-551,4733333;-43,76483333;-507,7085;ПРОД
14.07.1997;20228,72;20179,62;19038,13;58,94;5,309666667;53,63033333;КУП
21.07.1997;20249,32;20061,07;19056,75;-143,25;31,165;-174,415;ПРОД
28.07.1997;20575,26;20351,10;19097,22;494,3183333;51,38116667;442,9371667;КУП
04.08.1997;19668,07;20164,22;19104,62;-425,34;-9,128333333;-416,2116667;ПРОД
11.08.1997;18824,18;19689,17;19128,13;-619,1283333;31,56833333;-650,6966667;ПРОД
18.08.1997;19041,1;19177,78;19180,16;-529,5566667;66,2815;-595,8381667;ПРОД
25.08.1997;18656,17;18840,48;19224,20;-250,2566667;40,05083333;-290,3075;ПРОД
01.09.1997;17974,3;18557,19;19220,48;-256,29;-27,60366667;-228,6863333;ПРОД
08.09.1997;18633,86;18421,44;19235,57;-61,97333333;24,49533333;-86,46866667;ПРОД
15.09.1997;17965,8;18191,32;19209,41;-277,3116667;-46,78733333;-230,5243333;ПРОД
22.09.1997;18201,32;18266,99;19186,22;228,5716667;-21,70266667;250,2743333;КУП
29.09.1997;17987,21;18051,44;19171,49;-361,1616667;-10,5015;-350,6601667;ПРОД
06.10.1997;17824,78;18004,44;19161,85;37,265;-7,090166667;44,35516667;КУП
13.10.1997;17204,7;17672,23;19133,56;-474,8066667;-37,6215;-437,1851667;ПРОД
20.10.1997;17294,51;17441,33;19108,58;-180,2466667;-23,31883333;-156,9278333;ПРОД
27.10.1997;17038,36;17179,19;19076,41;-277,76;-35,7635;-241,9965;ПРОД
03.11.1997;16458,94;16930,60;19034,52;-241,81;-46,7525;-195,0575;ПРОД
10.11.1997;15697,2;16398,17;18968,01;-674,3616667;-78,818;-595,5436667;ПРОД
17.11.1997;16283,32;16146,49;18892,40;-111,3016667;-80,1625;-31,13916667;ПРОД
24.11.1997;16721,58;16234,03;18827,44;257,16;-59,63383333;316,7938333;КУП
01.12.1997;17007,59;16670,83;18743,87;611,4216667;-92,87816667;704,2998333;КУП
08.12.1997;16131,57;16620,25;18610,14;-294,2733333;-158,811;-135,4623333;ПРОД
15.12.1997;15909,39;16349,52;18457,46;-380,8033333;-162,1523333;-218,651;ПРОД
22.12.1997;14799,4;15613,45;18282,66;-968,73;-185,8656667;-782,8643333;ПРОД
29.12.1997;14775,22;15161,34;18093,43;-310,1433333;-196,4298333;-113,7135;ПРОД
05.01.1998;14956,84;14843,82;17917,87;-250,2166667;-168,7385;-81,47816667;ПРОД
12.01.1998;14664,44;14798,83;17717,31;91,27833333;-213,0485;304,3268333;КУП
19.01.1998;16262,04;15294,44;17578,18;765,9033333;-108,4278333;874,3311667;КУП
26.01.1998;17073,33;15999,94;17460,46;810,4416667;-107,0131667;917,4548333;КУП
02.02.1998;16776,82;16704,06;17362,84;703,4416667;-87,557;790,9986667;КУП
09.02.1998;17205;17018,38;17262,05;119,4166667;-102,3801667;221,7968333;КУП
16.02.1998;16775,52;16919,11;17146,26;-306,065;-123,2946667;-182,7703333;ПРОД
23.02.1998;16609,49;16863,34;17014,07;-34,03;-140,3918333;106,3618333;КУП
02.03.1998;17264,34;16883,12;16933,94;57,55833333;-54,09033333;111,6486667;КУП
09.03.1998;16972,53;16948,79;16872,22;88,615;-52,52033333;141,1353333;КУП
16.03.1998;16861,14;17032,67;16799,56;92,99;-78,13716667;171,1271667;КУП
23.03.1998;16868,83;16900,83;16739,98;-239,6966667;-53,03433333;-186,6623333;ПРОД
30.03.1998;16263,04;16664,34;16682,94;-288,8266667;-55,774;-233,0526667;ПРОД
06.04.1998;15705,99;16279,29;16585,34;-459,3266667;-117,8725;-341,4541667;ПРОД
13.04.1998;16317,58;16095,54;16530,40;-83,1;-33,61316667;-49,48683333;ПРОД
20.04.1998;15697,1;15906,89;16446,93;-191,095;-97,74066667;-93,35433333;ПРОД
27.04.1998;15649,95;15888,21;16369,02;66,30333333;-75,126;141,4293333;КУП
04.05.1998;15601,1;15649,38;16294,90;-348,9;-72,22966667;-276,6703333;ПРОД
11.05.1998;15381,9;15544,32;16234,14;-38,18666667;-54,07866667;15,892;КУП
18.05.1998;15384,47;15455,82;16170,47;-80,20666667;-65,122;-15,08466667;ПРОД
25.05.1998;15783,12;15516,50;16128,63;135,2566667;-30,928;166,1846667;КУП
01.06.1998;15321,03;15496,21;16090,70;-60,77166667;-35,97483333;-24,79683333;ПРОД
08.06.1998;15294,71;15466,29;16077,28;-34,735;-1,159333333;-33,57566667;ПРОД
15.06.1998;14825,17;15146,97;16028,67;-464,015;-66,19933333;-397,8156667;ПРОД
22.06.1998;15309,09;15142,99;15981,59;153,6883333;-46,322;200,0103333;КУП
29.06.1998;15365,73;15166,66;15926,86;37,5;-58,5515;96,0515;КУП
06.07.1998;16350,45;15675,09;15934,16;750,8033333;38,30833333;712,495;КУП
13.07.1998;16360,39;16025,52;15949,19;271,4366667;18,902;252,5346667;КУП
20.07.1998;16570,78;16427,21;16008,24;427,3083333;81,05233333;346,256;КУП
27.07.1998;15944,36;16291,84;16047,21;-403,8866667;28,934;-432,8206667;ПРОД
03.08.1998;16165,08;16226,74;16087,48;-29,97333333;40,92633333;-70,89966667;ПРОД
10.08.1998;15626,42;15911,95;16119,55;-439,6283333;27,96166667;-467,59;ПРОД
17.08.1998;14794,66;15528,72;16070,64;-417,4566667;-89,402;-328,0546667;ПРОД
24.08.1998;14988,36;15136,48;16001,14;-396,7433333;-79,79216667;-316,9511667;ПРОД
31.08.1998;14107,89;14630,30;15912,17;-563,145;-98,697;-464,448;ПРОД
07.09.1998;14790,06;14628,77;15831,68;250,7883333;-76,26483333;327,0531667;КУП
14.09.1998;14227,37;14375,11;15746,74;-379,7283333;-87,1585;-292,5698333;ПРОД
21.09.1998;13597,3;14204,91;15646,33;-128,4633333;-108,1403333;-20,323;ПРОД
28.09.1998;13909,37;13911,35;15534,50;-355,2466667;-117,5453333;-237,7013333;ПРОД
05.10.1998;12948,12;13484,93;15400,35;-492,8433333;-145,3043333;-347,539;ПРОД
12.10.1998;13555,01;13470,83;15290,15;192,0633333;-98,233;290,2963333;КУП
19.10.1998;13567,2;13356,78;15180,09;-164,0366667;-109,9793333;-54,05733333;ПРОД
26.10.1998;13843,46;13655,22;15099,44;504,6983333;-65,95183333;570,6501667;КУП
02.11.1998;13952,75;13787,80;15041,00;49,64666667;-47,33566667;96,98233333;КУП
09.11.1998;14194,54;13996,92;14970,23;247,38;-76,93133333;324,3113333;КУП
16.11.1998;14428,27;14191,85;14927,94;187,8483333;-28,0575;215,9058333;КУП
23.11.1998;14779,94;14467,58;14898,94;316,1266667;-22,35333333;338,48;КУП
30.11.1998;14883,7;14697,30;14875,02;206,715;-21,36983333;228,0848333;КУП
07.12.1998;14723,49;14795,71;14853,08;32,75;-20,96383333;53,71383333;КУП
14.12.1998;14111,62;14572,94;14810,65;-383,3633333;-52,669;-330,6943333;ПРОД
21.12.1998;14152,95;14329,35;14756,31;-253,9883333;-60,29433333;-193,694;ПРОД
28.12.1998;13709,06;13991,21;14702,58;-385,4233333;-53,429;-331,9943333;ПРОД
04.01.1999;13415,89;13759,30;14639,95;-178,7933333;-67,07483333;-111,7185;ПРОД
11.01.1999;13368,48;13497,81;14591,39;-276,28;-41,52083333;-234,7591667;ПРОД
18.01.1999;13805,06;13529,81;14541,26;178,745;-50,92333333;229,6683333;КУП
25.01.1999;14208,81;13794,12;14502,69;380,46;-32,77883333;413,2388333;КУП
01.02.1999;14465,18;14159,68;14439,85;416,1966667;-74,9815;491,1781667;КУП
08.02.1999;13992,49;14222,16;14360,92;-89,06833333;-86,97383333;-2,0945;ПРОД
15.02.1999;14054,72;14170,80;14277,05;-108,2833333;-86,338;-21,94533333;ПРОД
22.02.1999;14256,67;14101,29;14220,80;-78,57333333;-42,45016667;-36,12316667;ПРОД
01.03.1999;14221,75;14177,71;14156,02;149,3816667;-69,03833333;218,42;КУП
08.03.1999;14779,05;14419,16;14127,77;323,955;-9,979666667;333,9346667;КУП
15.03.1999;15779,6;14926,80;14160,61;640,7433333;63,36983333;577,3735;КУП
22.03.1999;16378,78;15645,81;14206,95;824,6933333;53,10533333;771,588;КУП
29.03.1999;16008,84;16055,74;14270,32;255,39;71,87383333;183,5161667;КУП
05.04.1999;16334,78;16240,80;14321,81;72,625;45,5535;27,0715;КУП
12.04.1999;16507,4;16283,67;14397,81;-28,22;88,25616667;-116,4761667;ПРОД
19.04.1999;16674,21;16505,46;14500,37;311,2483333;115,845;195,4033333;КУП
26.04.1999;16918,51;16700,04;14600,68;180,97;99,17516667;81,79483333;КУП
03.05.1999;16701,53;16764,75;14725,79;-0,223333333;137,5181667;-137,7415;ПРОД
10.05.1999;16977,01;16865,68;14839,86;119,045;108,5431667;10,50183333;КУП
17.05.1999;16421,02;16699,85;14934,99;-299,2116667;85,65766667;-384,8693333;ПРОД
24.05.1999;16390,49;16596,17;15019,89;-72,605;79,78783333;-152,3928333;ПРОД
31.05.1999;16111,65;16307,72;15091,85;-380,84;65,4945;-446,3345;ПРОД
07.06.1999;16475,89;16326,01;15167,89;171,6616667;78,08583333;93,57583333;КУП
14.06.1999;17188,82;16592,12;15259,91;390,02;100,005;290,015;КУП
21.06.1999;17738,85;17134,52;15358,54;680,545;101,9363333;578,6086667;КУП
28.06.1999;17610,58;17512,75;15449,44;296,145;87,02883333;209,1161667;КУП
05.07.1999;18135,06;17828,16;15563,16;284,005;125,1305;158,8745;КУП
12.07.1999;18274,18;18006,61;15701,91;109,9583333;151,2685;-41,31016667;ПРОД
19.07.1999;18532,58;18313,94;15847,90;371,7783333;149,6055;222,1728333;КУП
26.07.1999;17491,34;18099,37;15973,97;-475,5266667;116,1201667;-591,6468333;ПРОД
02.08.1999;17825,7;17949,87;16120,97;-116,9533333;157,4525;-274,4058333;ПРОД
09.08.1999;17190,45;17502,50;16248,37;-596,3183333;117,6016667;-713,92;ПРОД
16.08.1999;17826,03;17614,06;16382,40;391,0333333;137,349;253,6843333;КУП
23.08.1999;18233,55;17750,01;16516,56;148,1433333;134,2208333;13,9225;КУП
30.08.1999;17918,97;17992,85;16631,68;296,285;105,6105;190,6745;КУП
06.09.1999;17756,51;17969,68;16757,15;-156,18;130,6378333;-286,8178333;ПРОД
13.09.1999;17909,29;17861,59;16885,64;-150,5433333;129,9948333;-280,5381667;ПРОД
20.09.1999;17575,26;17747,02;16996,26;-117,8116667;101,6866667;-219,4983333;ПРОД
27.09.1999;16821,06;17435,20;17082,90;-410,44;74,65566667;-485,0956667;ПРОД
04.10.1999;17763,71;17386,68;17182,39;83,11833333;105,9111667;-22,79283333;ПРОД
11.10.1999;18062,18;17548,98;17258,47;267,7233333;64,38466667;203,3386667;КУП
18.10.1999;17275,33;17700,41;17288,36;145,9816667;6,7845;139,1971667;КУП
25.10.1999;17648,79;17662,10;17343,02;-133,1716667;67,055;-200,2266667;ПРОД
01.11.1999;17996,92;17640,35;17398,43;-13,47666667;55,7745;-69,25116667;ПРОД
08.11.1999;18240,98;17962,23;17456,22;493,7016667;58,97666667;434,725;КУП
15.11.1999;18198,09;18145,33;17507,01;113,7083333;47,301;66,40733333;КУП
22.11.1999;18822,12;18420,40;17570,46;321,05;69,7825;251,2675;КУП
29.11.1999;18850,27;18623,49;17642,09;167,1116667;75,71016667;91,4015;КУП
06.12.1999;18507,2;18726,53;17693,10;53,00666667;40,69716667;12,3095;КУП
13.12.1999;18205,08;18520,85;17752,56;-360,0383333;63,69983333;-423,7381667;ПРОД
20.12.1999;18175,49;18295,92;17812,06;;;;
27.12.1999;18546,9;18309,16;17893,24;;;;
